"Recipe #","Title","Current calories estimate","Current protein g","Current carbohydrate g","Current fat g","Current fiber g","Current sodium mg","Final tested yield g","Final serving weight g","Verified calories","Verified protein g","Verified carbohydrate g","Verified fat g","Verified fiber g","Verified sodium mg","Database/software","Analyst","Verification date","Status"
"1","Spinach-Feta Egg Cups","210","24","6","10","2","410","","","","","","","","","","","UNVERIFIED"
"2","Blueberry-Lemon Protein Oats","310","27","39","6","7","180","","","","","","","","","","","UNVERIFIED"
"3","Cottage Cheese Herb Scramble","260","29","9","12","2","480","","","","","","","","","","","UNVERIFIED"
"4","Turkey Sweet Potato Breakfast Skillet","340","32","31","10","6","520","","","","","","","","","","","UNVERIFIED"
"5","Apple-Cinnamon Overnight Oats","320","26","43","6","7","170","","","","","","","","","","","UNVERIFIED"
"6","Smoked Salmon Cucumber Egg Plate","285","28","10","15","3","610","","","","","","","","","","","UNVERIFIED"
"7","Banana-Oat Protein Pancakes","330","28","42","7","6","290","","","","","","","","","","","UNVERIFIED"
"8","Southwest Egg-White Breakfast Bowl","305","31","32","6","9","500","","","","","","","","","","","UNVERIFIED"
"9","Ricotta Berry Breakfast Toast","295","22","36","8","6","330","","","","","","","","","","","UNVERIFIED"
"10","Chicken Sausage Quinoa Breakfast Bowl","355","30","36","11","6","560","","","","","","","","","","","UNVERIFIED"
"11","Pumpkin Spice Yogurt Crunch","270","27","32","5","6","210","","","","","","","","","","","UNVERIFIED"
"12","Mushroom-Swiss Mini Frittatas","225","25","7","11","2","430","","","","","","","","","","","UNVERIFIED"
"13","Strawberry Cheesecake Smoothie","260","30","30","3","5","190","","","","","","","","","","","UNVERIFIED"
"14","Chocolate Peanut Butter Protein Shake","300","32","34","5","6","250","","","","","","","","","","","UNVERIFIED"
"15","Peach-Ginger Kefir Smoothie","250","24","34","3","4","180","","","","","","","","","","","UNVERIFIED"
"16","Mango Protein Lassi","275","28","36","2","4","170","","","","","","","","","","","UNVERIFIED"
"17","Blueberry-Oat Breakfast Smoothie","315","29","43","4","7","210","","","","","","","","","","","UNVERIFIED"
"18","Mocha-Banana Protein Shake","290","31","38","3","5","240","","","","","","","","","","","UNVERIFIED"
"19","Raspberry-Lemon Kefir Cooler","235","23","29","3","7","175","","","","","","","","","","","UNVERIFIED"
"20","Pineapple-Spinach Protein Smoothie","255","27","33","2","5","185","","","","","","","","","","","UNVERIFIED"
"21","Cherry-Cacao Recovery Smoothie","280","30","35","3","5","205","","","","","","","","","","","UNVERIFIED"
"22","Vanilla-Chai Pear Smoothie","285","29","37","3","6","360","","","","","","","","","","","UNVERIFIED"
"23","Cucumber-Avocado Yogurt Shake","245","25","18","9","6","260","","","","","","","","","","","UNVERIFIED"
"24","Orange Creamsicle Protein Smoothie","250","28","31","2","4","190","","","","","","","","","","","UNVERIFIED"
"25","Lemon Chicken Orzo Soup","330","35","34","7","5","590","","","","","","","","","","","UNVERIFIED"
"26","Turkey White Bean Chili","390","40","39","9","10","620","","","","","","","","","","","UNVERIFIED"
"27","Light Salmon Corn Chowder","370","36","35","10","5","600","","","","","","","","","","","UNVERIFIED"
"28","Lean Beef and Barley Soup","395","38","40","9","8","610","","","","","","","","","","","UNVERIFIED"
"29","Red Lentil Turkey Soup","380","39","38","8","10","580","","","","","","","","","","","UNVERIFIED"
"30","Tofu-Miso Vegetable Bowl","300","25","28","11","7","650","","","","","","","","","","","UNVERIFIED"
"31","Chicken Tortilla Soup","360","39","38","7","10","640","","","","","","","","","","","UNVERIFIED"
"32","Shrimp and Corn Soup","315","34","30","7","5","570","","","","","","","","","","","UNVERIFIED"
"33","Cauliflower-Cheddar Chicken Soup","350","40","20","12","6","620","","","","","","","","","","","UNVERIFIED"
"34","Turkey Meatball Minestrone","375","38","36","9","9","630","","","","","","","","","","","UNVERIFIED"
"35","Creamy Tomato Cottage Cheese Soup","290","28","28","7","6","560","","","","","","","","","","","UNVERIFIED"
"36","Ginger Chicken Rice Soup","345","37","36","6","5","590","","","","","","","","","","","UNVERIFIED"
"37","Grilled Chicken Yogurt-Ranch Salad","355","42","20","12","7","520","","","","","","","","","","","UNVERIFIED"
"38","Salmon Nicoise-Inspired Salad","410","38","25","18","7","590","","","","","","","","","","","UNVERIFIED"
"39","Turkey Taco Crunch Salad","385","40","34","11","10","610","","","","","","","","","","","UNVERIFIED"
"40","Shrimp-Avocado Citrus Salad","350","35","26","13","8","520","","","","","","","","","","","UNVERIFIED"
"41","Steak and Cucumber Herb Salad","390","39","18","18","5","560","","","","","","","","","","","UNVERIFIED"
"42","Tuna White Bean Salad","360","38","34","8","10","610","","","","","","","","","","","UNVERIFIED"
"43","Chicken Apple Walnut Salad","370","40","25","13","6","500","","","","","","","","","","","UNVERIFIED"
"44","Greek Chickpea Chicken Salad","405","43","32","12","9","620","","","","","","","","","","","UNVERIFIED"
"45","Cottage Cheese Garden Plate","300","31","22","9","6","540","","","","","","","","","","","UNVERIFIED"
"46","Sesame Tofu Edamame Salad","390","29","30","18","10","580","","","","","","","","","","","UNVERIFIED"
"47","Buffalo Chicken Slaw Bowl","345","41","20","10","6","650","","","","","","","","","","","UNVERIFIED"
"48","Egg and Lentil Garden Salad","380","31","34","14","11","540","","","","","","","","","","","UNVERIFIED"
"49","Lemon-Herb Chicken with Broccoli","390","49","22","12","7","520","","","","","","","","","","","UNVERIFIED"
"50","Turkey-Zucchini Meatballs","410","45","25","14","6","590","","","","","","","","","","","UNVERIFIED"
"51","Sheet-Pan Chicken Fajitas","405","47","28","12","7","610","","","","","","","","","","","UNVERIFIED"
"52","Honey-Mustard Turkey Tenderloin","395","48","26","10","6","570","","","","","","","","","","","UNVERIFIED"
"53","Pesto Chicken Stuffed Peppers","430","44","32","14","7","620","","","","","","","","","","","UNVERIFIED"
"54","Ginger-Sesame Turkey Lettuce Cups","360","41","24","11","6","640","","","","","","","","","","","UNVERIFIED"
"55","Paprika Chicken with Cauliflower Mash","400","50","22","13","7","560","","","","","","","","","","","UNVERIFIED"
"56","Turkey Burger Power Bowls","420","46","27","15","8","610","","","","","","","","","","","UNVERIFIED"
"57","Tomato-Basil Chicken Skillet","385","48","20","12","6","540","","","","","","","","","","","UNVERIFIED"
"58","BBQ Chicken Stuffed Sweet Potatoes","445","44","48","9","9","650","","","","","","","","","","","UNVERIFIED"
"59","Garlic-Parmesan Turkey Meatloaf Minis","415","46","23","14","6","620","","","","","","","","","","","UNVERIFIED"
"60","Light Chicken Piccata with Green Beans","400","49","21","13","6","600","","","","","","","","","","","UNVERIFIED"
"61","Dill Salmon with Roasted Asparagus","430","42","16","23","6","480","","","","","","","","","","","UNVERIFIED"
"62","Tomato-Olive Baked Cod","350","44","20","10","6","570","","","","","","","","","","","UNVERIFIED"
"63","Shrimp Scampi Zucchini Noodles","340","39","18","13","6","520","","","","","","","","","","","UNVERIFIED"
"64","Herbed Tuna Patties","365","41","22","13","6","610","","","","","","","","","","","UNVERIFIED"
"65","Tilapia Tacos with Lime Slaw","420","40","42","11","8","620","","","","","","","","","","","UNVERIFIED"
"66","Miso Salmon with Bok Choy","440","43","22","22","6","650","","","","","","","","","","","UNVERIFIED"
"67","Crab Cake Salad Bowls","370","38","25","13","6","640","","","","","","","","","","","UNVERIFIED"
"68","Haddock Cauliflower Gratin","390","45","23","14","7","610","","","","","","","","","","","UNVERIFIED"
"69","Shrimp Fried Cauliflower Rice","355","39","24","11","7","650","","","","","","","","","","","UNVERIFIED"
"70","Almond Trout with Green Beans","445","42","20","24","7","520","","","","","","","","","","","UNVERIFIED"
"71","Seared Scallops with Pea Puree","380","38","33","10","9","500","","","","","","","","","","","UNVERIFIED"
"72","Salmon-Quinoa Patties","430","39","35","16","7","590","","","","","","","","","","","UNVERIFIED"
"73","Light Beef and Broccoli","420","44","30","14","7","640","","","","","","","","","","","UNVERIFIED"
"74","Apple-Herb Pork Tenderloin","410","45","29","13","7","560","","","","","","","","","","","UNVERIFIED"
"75","Lean Beef Meatballs Marinara","430","43","25","18","7","620","","","","","","","","","","","UNVERIFIED"
"76","Ginger Pork Lettuce Cups","385","39","25","14","6","630","","","","","","","","","","","UNVERIFIED"
"77","Steak Fajita Cauliflower Bowl","415","43","27","15","8","600","","","","","","","","","","","UNVERIFIED"
"78","Mustard Pork Chops with Cabbage","425","45","28","15","7","590","","","","","","","","","","","UNVERIFIED"
"79","Beef and Quinoa Stuffed Peppers","445","42","38","14","9","620","","","","","","","","","","","UNVERIFIED"
"80","Sesame Pork Meatballs","430","42","29","16","7","640","","","","","","","","","","","UNVERIFIED"
"81","Yogurt Beef-Mushroom Stroganoff","450","44","41","13","6","610","","","","","","","","","","","UNVERIFIED"
"82","Salsa Verde Pork Loin","420","46","31","12","9","650","","","","","","","","","","","UNVERIFIED"
"83","Beef and Cabbage Skillet","400","41","26","15","8","580","","","","","","","","","","","UNVERIFIED"
"84","Balsamic Steak with Burst Tomatoes","420","45","22","17","6","560","","","","","","","","","","","UNVERIFIED"
"85","Peanut Tofu Broccoli Bowls","440","29","48","17","10","620","","","","","","","","","","","UNVERIFIED"
"86","Lentil Cottage Cheese Bake","415","35","45","11","14","590","","","","","","","","","","","UNVERIFIED"
"87","Tempeh Fajita Bowls","450","32","47","17","13","630","","","","","","","","","","","UNVERIFIED"
"88","Chickpea-Spinach Yogurt Curry","420","29","52","11","14","620","","","","","","","","","","","UNVERIFIED"
"89","Edamame-Quinoa Vegetable Fried Rice","430","30","49","13","11","640","","","","","","","","","","","UNVERIFIED"
"90","Black Bean Eggplant Chili","390","24","58","8","18","590","","","","","","","","","","","UNVERIFIED"
"91","High-Protein Baked Ziti","455","36","52","12","10","650","","","","","","","","","","","UNVERIFIED"
"92","Tofu Tikka with Cauliflower","410","30","38","16","11","620","","","","","","","","","","","UNVERIFIED"
"93","Lentil-Mushroom Patties","400","27","51","10","15","570","","","","","","","","","","","UNVERIFIED"
"94","Cottage Cheese Stuffed Shells","450","37","50","12","9","650","","","","","","","","","","","UNVERIFIED"
"95","White Bean Cauliflower Bake","405","28","50","10","15","610","","","","","","","","","","","UNVERIFIED"
"96","Eggplant-Tofu Parmesan","430","32","38","17","12","640","","","","","","","","","","","UNVERIFIED"
"97","Chicken-Cucumber Crunch Bites","190","25","8","6","2","390","","","","","","","","","","","UNVERIFIED"
"98","Tuna Sweet Pepper Boats","205","27","10","6","3","440","","","","","","","","","","","UNVERIFIED"
"99","Cottage Cheese Ranch Cups","180","24","12","4","3","410","","","","","","","","","","","UNVERIFIED"
"100","Egg Salad Lettuce Wraps","215","24","9","10","3","430","","","","","","","","","","","UNVERIFIED"
"101","Turkey Pickle Roll-Ups","195","26","8","7","2","590","","","","","","","","","","","UNVERIFIED"
"102","Edamame Hummus Snack Cups","220","18","20","9","7","390","","","","","","","","","","","UNVERIFIED"
"103","Mini Salmon Cakes","230","25","12","10","3","430","","","","","","","","","","","UNVERIFIED"
"104","Greek Yogurt Herb Dip Plate","175","22","17","2","5","330","","","","","","","","","","","UNVERIFIED"
"105","Crispy Tofu Bites","225","20","18","9","5","450","","","","","","","","","","","UNVERIFIED"
"106","Portion-Smart Protein Snack Box","260","24","19","11","5","420","","","","","","","","","","","UNVERIFIED"
"107","Buffalo Chicken Mini Peppers","215","28","11","7","3","510","","","","","","","","","","","UNVERIFIED"
"108","Chocolate Chia Yogurt Cup","235","24","25","6","8","190","","","","","","","","","","","UNVERIFIED"
"109","Berry Cheesecake Yogurt Cups","210","22","24","4","4","190","","","","","","","","","","","UNVERIFIED"
"110","Chocolate Peanut Butter Protein Pudding","230","24","27","4","5","220","","","","","","","","","","","UNVERIFIED"
"111","Cinnamon Baked Apples with Cottage Cheese","245","20","31","6","5","250","","","","","","","","","","","UNVERIFIED"
"112","Lemon Yogurt Mousse","190","22","19","2","1","170","","","","","","","","","","","UNVERIFIED"
"113","Berry Protein Pops","150","18","18","1","3","120","","","","","","","","","","","UNVERIFIED"
"114","Banana-Oat Protein Mini Muffins","220","18","31","5","5","230","","","","","","","","","","","UNVERIFIED"
"115","Pumpkin Protein Custard","205","21","21","4","4","210","","","","","","","","","","","UNVERIFIED"
"116","Black Bean Cocoa Brownie Bites","230","16","32","6","8","240","","","","","","","","","","","UNVERIFIED"
"117","Peach Yogurt Crisp","240","20","30","6","5","190","","","","","","","","","","","UNVERIFIED"
"118","Strawberry Shortcake Yogurt Jars","235","22","29","4","4","210","","","","","","","","","","","UNVERIFIED"
"119","Mocha Chia Protein Pudding","225","22","21","7","8","200","","","","","","","","","","","UNVERIFIED"
"120","Carrot Cake Overnight Dessert Jars","255","21","34","6","6","220","","","","","","","","","","","UNVERIFIED"