"Recipe #","Chapter","Title","Desk audit status","Detected issues","Physical test status","Tester","Test date","Actual yield","Actual serving weight","Taste/texture result","Directions result","Revision required","Nutrition verification status","Nutrition analyst","Proofreading status","Final approval"
"1","1","Spinach-Feta Egg Cups","REVISION REQUIRED","Repeated template introduction needs unique copy","NOT TESTED","","","","","","","YES","UNVERIFIED","","NOT PROOFREAD","BLOCKED"
"2","1","Blueberry-Lemon Protein Oats","REVISION REQUIRED","Repeated template introduction needs unique copy","NOT TESTED","","","","","","","YES","UNVERIFIED","","NOT PROOFREAD","BLOCKED"
"3","1","Cottage Cheese Herb Scramble","REVISION REQUIRED","Repeated template introduction needs unique copy; Suspicious herb or condiment quantity","NOT TESTED","","","","","","","YES","UNVERIFIED","","NOT PROOFREAD","BLOCKED"
"4","1","Turkey Sweet Potato Breakfast Skillet","REVISION REQUIRED","Repeated template introduction needs unique copy","NOT TESTED","","","","","","","YES","UNVERIFIED","","NOT PROOFREAD","BLOCKED"
"5","1","Apple-Cinnamon Overnight Oats","REVISION REQUIRED","Repeated template introduction needs unique copy","NOT TESTED","","","","","","","YES","UNVERIFIED","","NOT PROOFREAD","BLOCKED"
"6","1","Smoked Salmon Cucumber Egg Plate","REVISION REQUIRED","Repeated template introduction needs unique copy; Directions may be too brief for an inexperienced cook","NOT TESTED","","","","","","","YES","UNVERIFIED","","NOT PROOFREAD","BLOCKED"
"7","1","Banana-Oat Protein Pancakes","REVISION REQUIRED","Repeated template introduction needs unique copy","NOT TESTED","","","","","","","YES","UNVERIFIED","","NOT PROOFREAD","BLOCKED"
"8","1","Southwest Egg-White Breakfast Bowl","REVISION REQUIRED","Repeated template introduction needs unique copy; Directions may be too brief for an inexperienced cook","NOT TESTED","","","","","","","YES","UNVERIFIED","","NOT PROOFREAD","BLOCKED"
"9","1","Ricotta Berry Breakfast Toast","REVISION REQUIRED","Repeated template introduction needs unique copy; Directions may be too brief for an inexperienced cook","NOT TESTED","","","","","","","YES","UNVERIFIED","","NOT PROOFREAD","BLOCKED"
"10","1","Chicken Sausage Quinoa Breakfast Bowl","REVISION REQUIRED","Repeated template introduction needs unique copy; Directions may be too brief for an inexperienced cook","NOT TESTED","","","","","","","YES","UNVERIFIED","","NOT PROOFREAD","BLOCKED"
"11","1","Pumpkin Spice Yogurt Crunch","REVISION REQUIRED","Repeated template introduction needs unique copy; Directions may be too brief for an inexperienced cook","NOT TESTED","","","","","","","YES","UNVERIFIED","","NOT PROOFREAD","BLOCKED"
"12","1","Mushroom-Swiss Mini Frittatas","REVISION REQUIRED","Repeated template introduction needs unique copy","NOT TESTED","","","","","","","YES","UNVERIFIED","","NOT PROOFREAD","BLOCKED"
"13","2","Strawberry Cheesecake Smoothie","REVISION REQUIRED","Repeated template introduction needs unique copy; Protein level and serving volume require tolerance and nutrition review","NOT TESTED","","","","","","","YES","UNVERIFIED","","NOT PROOFREAD","BLOCKED"
"14","2","Chocolate Peanut Butter Protein Shake","REVISION REQUIRED","Repeated template introduction needs unique copy; Protein level and serving volume require tolerance and nutrition review","NOT TESTED","","","","","","","YES","UNVERIFIED","","NOT PROOFREAD","BLOCKED"
"15","2","Peach-Ginger Kefir Smoothie","REVISION REQUIRED","Repeated template introduction needs unique copy","NOT TESTED","","","","","","","YES","UNVERIFIED","","NOT PROOFREAD","BLOCKED"
"16","2","Mango Protein Lassi","REVISION REQUIRED","Repeated template introduction needs unique copy; Protein level and serving volume require tolerance and nutrition review","NOT TESTED","","","","","","","YES","UNVERIFIED","","NOT PROOFREAD","BLOCKED"
"17","2","Blueberry-Oat Breakfast Smoothie","REVISION REQUIRED","Repeated template introduction needs unique copy; Protein level and serving volume require tolerance and nutrition review","NOT TESTED","","","","","","","YES","UNVERIFIED","","NOT PROOFREAD","BLOCKED"
"18","2","Mocha-Banana Protein Shake","REVISION REQUIRED","Repeated template introduction needs unique copy","NOT TESTED","","","","","","","YES","UNVERIFIED","","NOT PROOFREAD","BLOCKED"
"19","2","Raspberry-Lemon Kefir Cooler","REVISION REQUIRED","Repeated template introduction needs unique copy","NOT TESTED","","","","","","","YES","UNVERIFIED","","NOT PROOFREAD","BLOCKED"
"20","2","Pineapple-Spinach Protein Smoothie","REVISION REQUIRED","Repeated template introduction needs unique copy; Protein level and serving volume require tolerance and nutrition review","NOT TESTED","","","","","","","YES","UNVERIFIED","","NOT PROOFREAD","BLOCKED"
"21","2","Cherry-Cacao Recovery Smoothie","REVISION REQUIRED","Repeated template introduction needs unique copy; Protein level and serving volume require tolerance and nutrition review","NOT TESTED","","","","","","","YES","UNVERIFIED","","NOT PROOFREAD","BLOCKED"
"22","2","Vanilla-Chai Pear Smoothie","REVISION REQUIRED","Repeated template introduction needs unique copy","NOT TESTED","","","","","","","YES","UNVERIFIED","","NOT PROOFREAD","BLOCKED"
"23","2","Cucumber-Avocado Yogurt Shake","REVISION REQUIRED","Repeated template introduction needs unique copy; Protein level and serving volume require tolerance and nutrition review","NOT TESTED","","","","","","","YES","UNVERIFIED","","NOT PROOFREAD","BLOCKED"
"24","2","Orange Creamsicle Protein Smoothie","REVISION REQUIRED","Repeated template introduction needs unique copy; Protein level and serving volume require tolerance and nutrition review","NOT TESTED","","","","","","","YES","UNVERIFIED","","NOT PROOFREAD","BLOCKED"
"25","3","Lemon Chicken Orzo Soup","REVISION REQUIRED","Cooking endpoint needs a specific time, texture, or internal temperature; Repeated template introduction needs unique copy; Cooked protein quantity may not match listed calories or yield","NOT TESTED","","","","","","","YES","UNVERIFIED","","NOT PROOFREAD","BLOCKED"
"26","3","Turkey White Bean Chili","REVISION REQUIRED","Cooking endpoint needs a specific time, texture, or internal temperature; Repeated template introduction needs unique copy","NOT TESTED","","","","","","","YES","UNVERIFIED","","NOT PROOFREAD","BLOCKED"
"27","3","Light Salmon Corn Chowder","REVISION REQUIRED","Cooking endpoint needs a specific time, texture, or internal temperature; Repeated template introduction needs unique copy","NOT TESTED","","","","","","","YES","UNVERIFIED","","NOT PROOFREAD","BLOCKED"
"28","3","Lean Beef and Barley Soup","REVISION REQUIRED","Cooking endpoint needs a specific time, texture, or internal temperature; Repeated template introduction needs unique copy","NOT TESTED","","","","","","","YES","UNVERIFIED","","NOT PROOFREAD","BLOCKED"
"29","3","Red Lentil Turkey Soup","REVISION REQUIRED","Cooking endpoint needs a specific time, texture, or internal temperature; Repeated template introduction needs unique copy","NOT TESTED","","","","","","","YES","UNVERIFIED","","NOT PROOFREAD","BLOCKED"
"30","3","Tofu-Miso Vegetable Bowl","REVISION REQUIRED","Cooking endpoint needs a specific time, texture, or internal temperature; Repeated template introduction needs unique copy","NOT TESTED","","","","","","","YES","UNVERIFIED","","NOT PROOFREAD","BLOCKED"
"31","3","Chicken Tortilla Soup","REVISION REQUIRED","Cooking endpoint needs a specific time, texture, or internal temperature; Repeated template introduction needs unique copy; Cooked protein quantity may not match listed calories or yield","NOT TESTED","","","","","","","YES","UNVERIFIED","","NOT PROOFREAD","BLOCKED"
"32","3","Shrimp and Corn Soup","REVISION REQUIRED","Cooking endpoint needs a specific time, texture, or internal temperature; Repeated template introduction needs unique copy","NOT TESTED","","","","","","","YES","UNVERIFIED","","NOT PROOFREAD","BLOCKED"
"33","3","Cauliflower-Cheddar Chicken Soup","REVISION REQUIRED","Cooking endpoint needs a specific time, texture, or internal temperature; Repeated template introduction needs unique copy; Cooked protein quantity may not match listed calories or yield","NOT TESTED","","","","","","","YES","UNVERIFIED","","NOT PROOFREAD","BLOCKED"
"34","3","Turkey Meatball Minestrone","REVISION REQUIRED","Cooking endpoint needs a specific time, texture, or internal temperature; Repeated template introduction needs unique copy","NOT TESTED","","","","","","","YES","UNVERIFIED","","NOT PROOFREAD","BLOCKED"
"35","3","Creamy Tomato Cottage Cheese Soup","REVISION REQUIRED","Cooking endpoint needs a specific time, texture, or internal temperature; Repeated template introduction needs unique copy","NOT TESTED","","","","","","","YES","UNVERIFIED","","NOT PROOFREAD","BLOCKED"
"36","3","Ginger Chicken Rice Soup","REVISION REQUIRED","Cooking endpoint needs a specific time, texture, or internal temperature; Repeated template introduction needs unique copy; Cooked protein quantity may not match listed calories or yield","NOT TESTED","","","","","","","YES","UNVERIFIED","","NOT PROOFREAD","BLOCKED"
"37","4","Grilled Chicken Yogurt-Ranch Salad","REVISION REQUIRED","Repeated template introduction needs unique copy","NOT TESTED","","","","","","","YES","UNVERIFIED","","NOT PROOFREAD","BLOCKED"
"38","4","Salmon Nicoise-Inspired Salad","REVISION REQUIRED","Repeated template introduction needs unique copy","NOT TESTED","","","","","","","YES","UNVERIFIED","","NOT PROOFREAD","BLOCKED"
"39","4","Turkey Taco Crunch Salad","REVISION REQUIRED","Repeated template introduction needs unique copy","NOT TESTED","","","","","","","YES","UNVERIFIED","","NOT PROOFREAD","BLOCKED"
"40","4","Shrimp-Avocado Citrus Salad","REVISION REQUIRED","Repeated template introduction needs unique copy","NOT TESTED","","","","","","","YES","UNVERIFIED","","NOT PROOFREAD","BLOCKED"
"41","4","Steak and Cucumber Herb Salad","REVISION REQUIRED","Repeated template introduction needs unique copy","NOT TESTED","","","","","","","YES","UNVERIFIED","","NOT PROOFREAD","BLOCKED"
"42","4","Tuna White Bean Salad","REVISION REQUIRED","Repeated template introduction needs unique copy","NOT TESTED","","","","","","","YES","UNVERIFIED","","NOT PROOFREAD","BLOCKED"
"43","4","Chicken Apple Walnut Salad","REVISION REQUIRED","Repeated template introduction needs unique copy; Cooked protein quantity may not match listed calories or yield","NOT TESTED","","","","","","","YES","UNVERIFIED","","NOT PROOFREAD","BLOCKED"
"44","4","Greek Chickpea Chicken Salad","REVISION REQUIRED","Repeated template introduction needs unique copy","NOT TESTED","","","","","","","YES","UNVERIFIED","","NOT PROOFREAD","BLOCKED"
"45","4","Cottage Cheese Garden Plate","REVISION REQUIRED","Repeated template introduction needs unique copy","NOT TESTED","","","","","","","YES","UNVERIFIED","","NOT PROOFREAD","BLOCKED"
"46","4","Sesame Tofu Edamame Salad","REVISION REQUIRED","Repeated template introduction needs unique copy","NOT TESTED","","","","","","","YES","UNVERIFIED","","NOT PROOFREAD","BLOCKED"
"47","4","Buffalo Chicken Slaw Bowl","REVISION REQUIRED","Repeated template introduction needs unique copy; Cooked protein quantity may not match listed calories or yield","NOT TESTED","","","","","","","YES","UNVERIFIED","","NOT PROOFREAD","BLOCKED"
"48","4","Egg and Lentil Garden Salad","REVISION REQUIRED","Repeated template introduction needs unique copy","NOT TESTED","","","","","","","YES","UNVERIFIED","","NOT PROOFREAD","BLOCKED"
"49","5","Lemon-Herb Chicken with Broccoli","REVISION REQUIRED","Generic cooking-method wording requires recipe-specific rewrite; Repeated template introduction needs unique copy","NOT TESTED","","","","","","","YES","UNVERIFIED","","NOT PROOFREAD","BLOCKED"
"50","5","Turkey-Zucchini Meatballs","REVISION REQUIRED","Generic cooking-method wording requires recipe-specific rewrite; Repeated template introduction needs unique copy","NOT TESTED","","","","","","","YES","UNVERIFIED","","NOT PROOFREAD","BLOCKED"
"51","5","Sheet-Pan Chicken Fajitas","REVISION REQUIRED","Generic cooking-method wording requires recipe-specific rewrite; Repeated template introduction needs unique copy","NOT TESTED","","","","","","","YES","UNVERIFIED","","NOT PROOFREAD","BLOCKED"
"52","5","Honey-Mustard Turkey Tenderloin","REVISION REQUIRED","Generic cooking-method wording requires recipe-specific rewrite; Repeated template introduction needs unique copy","NOT TESTED","","","","","","","YES","UNVERIFIED","","NOT PROOFREAD","BLOCKED"
"53","5","Pesto Chicken Stuffed Peppers","REVISION REQUIRED","Generic cooking-method wording requires recipe-specific rewrite; Repeated template introduction needs unique copy","NOT TESTED","","","","","","","YES","UNVERIFIED","","NOT PROOFREAD","BLOCKED"
"54","5","Ginger-Sesame Turkey Lettuce Cups","REVISION REQUIRED","Generic cooking-method wording requires recipe-specific rewrite; Repeated template introduction needs unique copy","NOT TESTED","","","","","","","YES","UNVERIFIED","","NOT PROOFREAD","BLOCKED"
"55","5","Paprika Chicken with Cauliflower Mash","REVISION REQUIRED","Generic cooking-method wording requires recipe-specific rewrite; Repeated template introduction needs unique copy","NOT TESTED","","","","","","","YES","UNVERIFIED","","NOT PROOFREAD","BLOCKED"
"56","5","Turkey Burger Power Bowls","REVISION REQUIRED","Generic cooking-method wording requires recipe-specific rewrite; Repeated template introduction needs unique copy","NOT TESTED","","","","","","","YES","UNVERIFIED","","NOT PROOFREAD","BLOCKED"
"57","5","Tomato-Basil Chicken Skillet","REVISION REQUIRED","Generic cooking-method wording requires recipe-specific rewrite; Repeated template introduction needs unique copy","NOT TESTED","","","","","","","YES","UNVERIFIED","","NOT PROOFREAD","BLOCKED"
"58","5","BBQ Chicken Stuffed Sweet Potatoes","REVISION REQUIRED","Generic cooking-method wording requires recipe-specific rewrite; Repeated template introduction needs unique copy; Cooked protein quantity may not match listed calories or yield","NOT TESTED","","","","","","","YES","UNVERIFIED","","NOT PROOFREAD","BLOCKED"
"59","5","Garlic-Parmesan Turkey Meatloaf Minis","REVISION REQUIRED","Generic cooking-method wording requires recipe-specific rewrite; Repeated template introduction needs unique copy","NOT TESTED","","","","","","","YES","UNVERIFIED","","NOT PROOFREAD","BLOCKED"
"60","5","Light Chicken Piccata with Green Beans","REVISION REQUIRED","Generic cooking-method wording requires recipe-specific rewrite; Repeated template introduction needs unique copy","NOT TESTED","","","","","","","YES","UNVERIFIED","","NOT PROOFREAD","BLOCKED"
"61","6","Dill Salmon with Roasted Asparagus","REVISION REQUIRED","Generic cooking-method wording requires recipe-specific rewrite; Repeated template introduction needs unique copy","NOT TESTED","","","","","","","YES","UNVERIFIED","","NOT PROOFREAD","BLOCKED"
"62","6","Tomato-Olive Baked Cod","REVISION REQUIRED","Generic cooking-method wording requires recipe-specific rewrite; Repeated template introduction needs unique copy","NOT TESTED","","","","","","","YES","UNVERIFIED","","NOT PROOFREAD","BLOCKED"
"63","6","Shrimp Scampi Zucchini Noodles","REVISION REQUIRED","Generic cooking-method wording requires recipe-specific rewrite; Repeated template introduction needs unique copy","NOT TESTED","","","","","","","YES","UNVERIFIED","","NOT PROOFREAD","BLOCKED"
"64","6","Herbed Tuna Patties","REVISION REQUIRED","Generic cooking-method wording requires recipe-specific rewrite; Repeated template introduction needs unique copy","NOT TESTED","","","","","","","YES","UNVERIFIED","","NOT PROOFREAD","BLOCKED"
"65","6","Tilapia Tacos with Lime Slaw","REVISION REQUIRED","Generic cooking-method wording requires recipe-specific rewrite; Repeated template introduction needs unique copy","NOT TESTED","","","","","","","YES","UNVERIFIED","","NOT PROOFREAD","BLOCKED"
"66","6","Miso Salmon with Bok Choy","REVISION REQUIRED","Generic cooking-method wording requires recipe-specific rewrite; Repeated template introduction needs unique copy","NOT TESTED","","","","","","","YES","UNVERIFIED","","NOT PROOFREAD","BLOCKED"
"67","6","Crab Cake Salad Bowls","REVISION REQUIRED","Generic cooking-method wording requires recipe-specific rewrite; Repeated template introduction needs unique copy","NOT TESTED","","","","","","","YES","UNVERIFIED","","NOT PROOFREAD","BLOCKED"
"68","6","Haddock Cauliflower Gratin","REVISION REQUIRED","Generic cooking-method wording requires recipe-specific rewrite; Repeated template introduction needs unique copy","NOT TESTED","","","","","","","YES","UNVERIFIED","","NOT PROOFREAD","BLOCKED"
"69","6","Shrimp Fried Cauliflower Rice","REVISION REQUIRED","Generic cooking-method wording requires recipe-specific rewrite; Repeated template introduction needs unique copy","NOT TESTED","","","","","","","YES","UNVERIFIED","","NOT PROOFREAD","BLOCKED"
"70","6","Almond Trout with Green Beans","REVISION REQUIRED","Generic cooking-method wording requires recipe-specific rewrite; Repeated template introduction needs unique copy","NOT TESTED","","","","","","","YES","UNVERIFIED","","NOT PROOFREAD","BLOCKED"
"71","6","Seared Scallops with Pea Puree","REVISION REQUIRED","Generic cooking-method wording requires recipe-specific rewrite; Repeated template introduction needs unique copy","NOT TESTED","","","","","","","YES","UNVERIFIED","","NOT PROOFREAD","BLOCKED"
"72","6","Salmon-Quinoa Patties","REVISION REQUIRED","Generic cooking-method wording requires recipe-specific rewrite; Repeated template introduction needs unique copy","NOT TESTED","","","","","","","YES","UNVERIFIED","","NOT PROOFREAD","BLOCKED"
"73","7","Light Beef and Broccoli","REVISION REQUIRED","Generic cooking-method wording requires recipe-specific rewrite; Repeated template introduction needs unique copy","NOT TESTED","","","","","","","YES","UNVERIFIED","","NOT PROOFREAD","BLOCKED"
"74","7","Apple-Herb Pork Tenderloin","REVISION REQUIRED","Generic cooking-method wording requires recipe-specific rewrite; Repeated template introduction needs unique copy","NOT TESTED","","","","","","","YES","UNVERIFIED","","NOT PROOFREAD","BLOCKED"
"75","7","Lean Beef Meatballs Marinara","REVISION REQUIRED","Generic cooking-method wording requires recipe-specific rewrite; Repeated template introduction needs unique copy","NOT TESTED","","","","","","","YES","UNVERIFIED","","NOT PROOFREAD","BLOCKED"
"76","7","Ginger Pork Lettuce Cups","REVISION REQUIRED","Generic cooking-method wording requires recipe-specific rewrite; Repeated template introduction needs unique copy","NOT TESTED","","","","","","","YES","UNVERIFIED","","NOT PROOFREAD","BLOCKED"
"77","7","Steak Fajita Cauliflower Bowl","REVISION REQUIRED","Generic cooking-method wording requires recipe-specific rewrite; Repeated template introduction needs unique copy","NOT TESTED","","","","","","","YES","UNVERIFIED","","NOT PROOFREAD","BLOCKED"
"78","7","Mustard Pork Chops with Cabbage","REVISION REQUIRED","Generic cooking-method wording requires recipe-specific rewrite; Repeated template introduction needs unique copy","NOT TESTED","","","","","","","YES","UNVERIFIED","","NOT PROOFREAD","BLOCKED"
"79","7","Beef and Quinoa Stuffed Peppers","REVISION REQUIRED","Generic cooking-method wording requires recipe-specific rewrite; Repeated template introduction needs unique copy","NOT TESTED","","","","","","","YES","UNVERIFIED","","NOT PROOFREAD","BLOCKED"
"80","7","Sesame Pork Meatballs","REVISION REQUIRED","Generic cooking-method wording requires recipe-specific rewrite; Repeated template introduction needs unique copy","NOT TESTED","","","","","","","YES","UNVERIFIED","","NOT PROOFREAD","BLOCKED"
"81","7","Yogurt Beef-Mushroom Stroganoff","REVISION REQUIRED","Generic cooking-method wording requires recipe-specific rewrite; Repeated template introduction needs unique copy","NOT TESTED","","","","","","","YES","UNVERIFIED","","NOT PROOFREAD","BLOCKED"
"82","7","Salsa Verde Pork Loin","REVISION REQUIRED","Generic cooking-method wording requires recipe-specific rewrite; Repeated template introduction needs unique copy","NOT TESTED","","","","","","","YES","UNVERIFIED","","NOT PROOFREAD","BLOCKED"
"83","7","Beef and Cabbage Skillet","REVISION REQUIRED","Generic cooking-method wording requires recipe-specific rewrite; Repeated template introduction needs unique copy","NOT TESTED","","","","","","","YES","UNVERIFIED","","NOT PROOFREAD","BLOCKED"
"84","7","Balsamic Steak with Burst Tomatoes","REVISION REQUIRED","Generic cooking-method wording requires recipe-specific rewrite; Repeated template introduction needs unique copy","NOT TESTED","","","","","","","YES","UNVERIFIED","","NOT PROOFREAD","BLOCKED"
"85","8","Peanut Tofu Broccoli Bowls","REVISION REQUIRED","Repeated template introduction needs unique copy","NOT TESTED","","","","","","","YES","UNVERIFIED","","NOT PROOFREAD","BLOCKED"
"86","8","Lentil Cottage Cheese Bake","REVISION REQUIRED","Repeated template introduction needs unique copy","NOT TESTED","","","","","","","YES","UNVERIFIED","","NOT PROOFREAD","BLOCKED"
"87","8","Tempeh Fajita Bowls","REVISION REQUIRED","Repeated template introduction needs unique copy","NOT TESTED","","","","","","","YES","UNVERIFIED","","NOT PROOFREAD","BLOCKED"
"88","8","Chickpea-Spinach Yogurt Curry","REVISION REQUIRED","Repeated template introduction needs unique copy","NOT TESTED","","","","","","","YES","UNVERIFIED","","NOT PROOFREAD","BLOCKED"
"89","8","Edamame-Quinoa Vegetable Fried Rice","REVISION REQUIRED","Repeated template introduction needs unique copy","NOT TESTED","","","","","","","YES","UNVERIFIED","","NOT PROOFREAD","BLOCKED"
"90","8","Black Bean Eggplant Chili","REVISION REQUIRED","Repeated template introduction needs unique copy","NOT TESTED","","","","","","","YES","UNVERIFIED","","NOT PROOFREAD","BLOCKED"
"91","8","High-Protein Baked Ziti","REVISION REQUIRED","Repeated template introduction needs unique copy","NOT TESTED","","","","","","","YES","UNVERIFIED","","NOT PROOFREAD","BLOCKED"
"92","8","Tofu Tikka with Cauliflower","REVISION REQUIRED","Repeated template introduction needs unique copy","NOT TESTED","","","","","","","YES","UNVERIFIED","","NOT PROOFREAD","BLOCKED"
"93","8","Lentil-Mushroom Patties","REVISION REQUIRED","Repeated template introduction needs unique copy","NOT TESTED","","","","","","","YES","UNVERIFIED","","NOT PROOFREAD","BLOCKED"
"94","8","Cottage Cheese Stuffed Shells","REVISION REQUIRED","Repeated template introduction needs unique copy","NOT TESTED","","","","","","","YES","UNVERIFIED","","NOT PROOFREAD","BLOCKED"
"95","8","White Bean Cauliflower Bake","REVISION REQUIRED","Repeated template introduction needs unique copy","NOT TESTED","","","","","","","YES","UNVERIFIED","","NOT PROOFREAD","BLOCKED"
"96","8","Eggplant-Tofu Parmesan","REVISION REQUIRED","Repeated template introduction needs unique copy","NOT TESTED","","","","","","","YES","UNVERIFIED","","NOT PROOFREAD","BLOCKED"
"97","9","Chicken-Cucumber Crunch Bites","REVISION REQUIRED","Repeated template introduction needs unique copy; Directions may be too brief for an inexperienced cook","NOT TESTED","","","","","","","YES","UNVERIFIED","","NOT PROOFREAD","BLOCKED"
"98","9","Tuna Sweet Pepper Boats","REVISION REQUIRED","Repeated template introduction needs unique copy; Directions may be too brief for an inexperienced cook","NOT TESTED","","","","","","","YES","UNVERIFIED","","NOT PROOFREAD","BLOCKED"
"99","9","Cottage Cheese Ranch Cups","REVISION REQUIRED","Repeated template introduction needs unique copy; Directions may be too brief for an inexperienced cook","NOT TESTED","","","","","","","YES","UNVERIFIED","","NOT PROOFREAD","BLOCKED"
"100","9","Egg Salad Lettuce Wraps","REVISION REQUIRED","Awkward compound instruction needs copy edit; Repeated template introduction needs unique copy; Directions may be too brief for an inexperienced cook","NOT TESTED","","","","","","","YES","UNVERIFIED","","NOT PROOFREAD","BLOCKED"
"101","9","Turkey Pickle Roll-Ups","REVISION REQUIRED","Repeated template introduction needs unique copy; Directions may be too brief for an inexperienced cook","NOT TESTED","","","","","","","YES","UNVERIFIED","","NOT PROOFREAD","BLOCKED"
"102","9","Edamame Hummus Snack Cups","REVISION REQUIRED","Awkward compound instruction needs copy edit; Repeated template introduction needs unique copy; Directions may be too brief for an inexperienced cook","NOT TESTED","","","","","","","YES","UNVERIFIED","","NOT PROOFREAD","BLOCKED"
"103","9","Mini Salmon Cakes","REVISION REQUIRED","Awkward compound instruction needs copy edit; Repeated template introduction needs unique copy","NOT TESTED","","","","","","","YES","UNVERIFIED","","NOT PROOFREAD","BLOCKED"
"104","9","Greek Yogurt Herb Dip Plate","REVISION REQUIRED","Awkward compound instruction needs copy edit; Repeated template introduction needs unique copy; Directions may be too brief for an inexperienced cook","NOT TESTED","","","","","","","YES","UNVERIFIED","","NOT PROOFREAD","BLOCKED"
"105","9","Crispy Tofu Bites","REVISION REQUIRED","Repeated template introduction needs unique copy","NOT TESTED","","","","","","","YES","UNVERIFIED","","NOT PROOFREAD","BLOCKED"
"106","9","Portion-Smart Protein Snack Box","REVISION REQUIRED","Repeated template introduction needs unique copy; Directions may be too brief for an inexperienced cook","NOT TESTED","","","","","","","YES","UNVERIFIED","","NOT PROOFREAD","BLOCKED"
"107","9","Buffalo Chicken Mini Peppers","REVISION REQUIRED","Repeated template introduction needs unique copy; Directions may be too brief for an inexperienced cook","NOT TESTED","","","","","","","YES","UNVERIFIED","","NOT PROOFREAD","BLOCKED"
"108","9","Chocolate Chia Yogurt Cup","REVISION REQUIRED","Awkward compound instruction needs copy edit; Repeated template introduction needs unique copy; Directions may be too brief for an inexperienced cook","NOT TESTED","","","","","","","YES","UNVERIFIED","","NOT PROOFREAD","BLOCKED"
"109","10","Berry Cheesecake Yogurt Cups","REVISION REQUIRED","Awkward compound instruction needs copy edit; Repeated template introduction needs unique copy; Directions may be too brief for an inexperienced cook","NOT TESTED","","","","","","","YES","UNVERIFIED","","NOT PROOFREAD","BLOCKED"
"110","10","Chocolate Peanut Butter Protein Pudding","REVISION REQUIRED","Repeated template introduction needs unique copy; Directions may be too brief for an inexperienced cook","NOT TESTED","","","","","","","YES","UNVERIFIED","","NOT PROOFREAD","BLOCKED"
"111","10","Cinnamon Baked Apples with Cottage Cheese","REVISION REQUIRED","Repeated template introduction needs unique copy","NOT TESTED","","","","","","","YES","UNVERIFIED","","NOT PROOFREAD","BLOCKED"
"112","10","Lemon Yogurt Mousse","REVISION REQUIRED","Repeated template introduction needs unique copy; Directions may be too brief for an inexperienced cook","NOT TESTED","","","","","","","YES","UNVERIFIED","","NOT PROOFREAD","BLOCKED"
"113","10","Berry Protein Pops","REVISION REQUIRED","Repeated template introduction needs unique copy; Directions may be too brief for an inexperienced cook","NOT TESTED","","","","","","","YES","UNVERIFIED","","NOT PROOFREAD","BLOCKED"
"114","10","Banana-Oat Protein Mini Muffins","REVISION REQUIRED","Awkward compound instruction needs copy edit; Repeated template introduction needs unique copy","NOT TESTED","","","","","","","YES","UNVERIFIED","","NOT PROOFREAD","BLOCKED"
"115","10","Pumpkin Protein Custard","REVISION REQUIRED","Repeated template introduction needs unique copy","NOT TESTED","","","","","","","YES","UNVERIFIED","","NOT PROOFREAD","BLOCKED"
"116","10","Black Bean Cocoa Brownie Bites","REVISION REQUIRED","Awkward compound instruction needs copy edit; Repeated template introduction needs unique copy","NOT TESTED","","","","","","","YES","UNVERIFIED","","NOT PROOFREAD","BLOCKED"
"117","10","Peach Yogurt Crisp","REVISION REQUIRED","Awkward compound instruction needs copy edit; Repeated template introduction needs unique copy","NOT TESTED","","","","","","","YES","UNVERIFIED","","NOT PROOFREAD","BLOCKED"
"118","10","Strawberry Shortcake Yogurt Jars","REVISION REQUIRED","Repeated template introduction needs unique copy; Directions may be too brief for an inexperienced cook","NOT TESTED","","","","","","","YES","UNVERIFIED","","NOT PROOFREAD","BLOCKED"
"119","10","Mocha Chia Protein Pudding","REVISION REQUIRED","Repeated template introduction needs unique copy; Directions may be too brief for an inexperienced cook","NOT TESTED","","","","","","","YES","UNVERIFIED","","NOT PROOFREAD","BLOCKED"
"120","10","Carrot Cake Overnight Dessert Jars","REVISION REQUIRED","Awkward compound instruction needs copy edit; Repeated template introduction needs unique copy; Directions may be too brief for an inexperienced cook","NOT TESTED","","","","","","","YES","UNVERIFIED","","NOT PROOFREAD","BLOCKED"